"","taxon","latitude","longitude","type"
"1","Cucurbita_cordata",28.9547,-113.5625,"G"
"2","Cucurbita_cordata",24.2857661,-111.0109816,"H"
"3","Cucurbita_cordata",25.9346977,-111.5421361,"H"
"4","Cucurbita_cordata",25.947488,-111.7300052,"H"
"5","Cucurbita_cordata",25.9576506,-111.4609177,"H"
"6","Cucurbita_cordata",26.206709,-111.617512,"H"
"7","Cucurbita_cordata",26.456451,-111.648485,"H"
"8","Cucurbita_cordata",26.802645,-112.0622982,"H"
"9","Cucurbita_cordata",26.9105096,-112.045061,"H"
"10","Cucurbita_cordata",26.9107262,-112.9822799,"H"
"11","Cucurbita_cordata",26.9156916,-113.7368987,"H"
"12","Cucurbita_cordata",27.015153,-114.042982,"H"
"13","Cucurbita_cordata",27.164634,-113.4654046,"H"
"14","Cucurbita_cordata",27.2762613,-113.191559,"H"
"15","Cucurbita_cordata",27.424452,-113.4380353,"H"
"16","Cucurbita_cordata",27.8434911,-114.0275069,"H"
"17","Cucurbita_cordata",28.0066751,-113.873446,"H"
"18","Cucurbita_cordata",28.1474165,-113.6345345,"H"
"19","Cucurbita_cordata",28.516667,-113.75,"H"
"20","Cucurbita_cordata",28.744103,-113.753451,"H"
"21","Cucurbita_cordata",28.744103,-113.753451,"H"
"22","Cucurbita_cordata",28.744103,-113.753451,"H"
"23","Cucurbita_cordata",28.7700513,-113.4871398,"H"
"24","Cucurbita_cordata",30.5622903,-115.0077914,"H"
"25","Cucurbita_cordata",31.666667,-115.95,"H"
"26","Cucurbita_cordata",25.916667,-111.466667,"H"
"27","Cucurbita_cordata",28.14,-113.25,"H"
"28","Cucurbita_cordata",23.226944,-109.9625,"H"
"29","Cucurbita_cordata",24.0434888,-110.4315463,"H"
"30","Cucurbita_cordata",25.916667,-111.391667,"H"
"31","Cucurbita_cordata",27.091667,-112.325,"H"
"32","Cucurbita_cordata",27.691667,-113.025,"H"
"33","Cucurbita_cordata",24.141667,-110.841667,"H"
"34","Cucurbita_cordata",24.875,-110.975,"H"
"35","Cucurbita_cordata",25.491667,-111.925,"H"
"36","Cucurbita_cordata",25.903333,-111.368889,"H"
"37","Cucurbita_cordata",25.9484161,-111.4969647,"H"
"38","Cucurbita_cordata",26.260556,-112.473333,"H"
"39","Cucurbita_cordata",26.296936,-112.530679,"H"
"40","Cucurbita_cordata",26.875,-111.941667,"H"
"41","Cucurbita_cordata",27.303333,-112.902778,"H"
"42","Cucurbita_cordata",27.341667,-112.291667,"H"
"43","Cucurbita_cordata",27.491667,-113.308333,"H"
"44","Cucurbita_cordata",28.091667,-113.591667,"H"
"45","Cucurbita_cordata",28.241667,-113.408333,"H"
"46","Cucurbita_cordata",28.261111,-113.874722,"H"
"47","Cucurbita_cordata",28.375,-113.508333,"H"
"48","Cucurbita_cordata",28.391667,-113.325,"H"
"49","Cucurbita_cordata",28.758333,-113.616667,"H"
"50","Cucurbita_cordata",29.358333,-114.425,"H"
"51","Cucurbita_cordata",31.641667,-116.025,"H"
"52","Cucurbita_cordata",32.375,-117.091667,"H"
"53","Cucurbita_cordata",23.058333,-110.025,"H"
"54","Cucurbita_cordata",23.4513848,-109.9279362,"H"
"55","Cucurbita_cordata",25.925,-111.958333,"H"
"56","Cucurbita_cordata",27.291667,-112.825,"H"
"57","Cucurbita_cordata",27.608333,-113.075,"H"
"58","Cucurbita_cordata",26,-111.35,"H"
"59","Cucurbita_cordata",28.641697,-114.023861,"H"
"60","Cucurbita_cordata",28.643889,-114.046389,"H"
"61","Cucurbita_cordata",23.375,-109.775,"H"
"62","Cucurbita_cordata",23.608333,-110.108333,"H"
"63","Cucurbita_cordata",27.1,-112.975,"H"
"64","Cucurbita_cordata",27.108333,-112.991667,"H"
"65","Cucurbita_cordata",27.341667,-112.291667,"H"
"66","Cucurbita_cordata",28.008333,-113.008333,"H"
"67","Cucurbita_cordata",28.475,-113.425,"H"
"68","Cucurbita_cordata",28.725,-113.641667,"H"
"69","Cucurbita_cordata",28.758333,-113.625,"H"
"70","Cucurbita_cordata",28.758333,-113.616667,"H"
"71","Cucurbita_cordata",24.091667,-110.991667,"H"
"72","Cucurbita_cordata",24.091667,-110.991667,"H"
"73","Cucurbita_cordata",28.205,-114.043889,"H"
"74","Cucurbita_cordata",28.308333,-113.708333,"H"
"75","Cucurbita_cordata",28.308333,-113.708333,"H"
"76","Cucurbita_cordata",26.025,-111.358333,"H"
"77","Cucurbita_cordata",26.358333,-111.791667,"H"
"78","Cucurbita_cordata",26.358333,-111.775,"H"
"79","Cucurbita_cordata",26.358333,-111.791667,"H"
"80","Cucurbita_cordata",26.358333,-111.775,"H"
"81","Cucurbita_cordata",27.108333,-112.991667,"H"
"82","Cucurbita_cordata",27.108333,-112.991667,"H"
"83","Cucurbita_cordata",28.341667,-113.725,"H"
"84","Cucurbita_cordata",28.341667,-113.725,"H"
"85","Cucurbita_cordata",28.958333,-113.575,"H"
"86","Cucurbita_cordata",28.958333,-113.575,"H"
"87","Cucurbita_cordata",28.791667,-113.325,"H"
"88","Cucurbita_cordata",28.791667,-113.325,"H"
"89","Cucurbita_cordata",23.50039356,-110.0837089,"H"
"90","Cucurbita_cordata",28.74486,-113.754115,"H"
"91","Cucurbita_cordata",32.3826172,-115.5099536,"H"
"92","Cucurbita_cordata",25.933333,-111.533333,"H"
"93","Cucurbita_cordata",26.024444,-111.351944,"H"
"94","Cucurbita_cordata",26.358333,-112.608333,"H"
"95","Cucurbita_cordata",24.083,-110.983,"H"
"96","Cucurbita_cordata",24.083139,-110.983278,"H"
"97","Cucurbita_cordata",25.676353,-111.563475,"H"
"98","Cucurbita_cordata",28.14986,-113.74535,"H"
"99","Cucurbita_cordata",28.30417,-112.87667,"H"
"100","Cucurbita_cordata",24.083139,-110.983278,"H"
"101","Cucurbita_cordata",26.35,-112.6,"H"
"102","Cucurbita_cordata",26.350028,-112.599944,"H"
"103","Cucurbita_cordata",26.358333,-112.441667,"H"
"104","Cucurbita_cordata",27.083,-112.317,"H"
"105","Cucurbita_cordata",27.083444,-112.316611,"H"
"106","Cucurbita_cordata",27.091667,-112.325,"H"
"107","Cucurbita_cordata",27.558583,-113.095583,"H"
"108","Cucurbita_cordata",27.559,-113.096,"H"
"109","Cucurbita_cordata",28.466806,-113.416833,"H"
"110","Cucurbita_cordata",28.467,-113.417,"H"
"111","Cucurbita_cordata",28.475,-113.425,"H"
"112","Cucurbita_cordata",28.616556,-113.450111,"H"
"113","Cucurbita_cordata",28.617,-113.45,"H"
"114","Cucurbita_cordata",28.666528,-113.449889,"H"
"115","Cucurbita_cordata",28.667,-113.45,"H"
"116","Cucurbita_cordata",28.716694,-113.800028,"H"
"117","Cucurbita_cordata",28.717,-113.8,"H"
"118","Cucurbita_cordata",28.749972,-113.783139,"H"
"119","Cucurbita_cordata",28.75,-113.783,"H"
"120","Cucurbita_cordata",28.758333,-113.625,"H"
"121","Cucurbita_cordata",28.819123,-113.529604,"H"
"122","Cucurbita_cordata",28.833,-113.567,"H"
"123","Cucurbita_cordata",29.183,-113.85,"H"
"124","Cucurbita_cordata",29.183472,-113.849944,"H"
"125","Cucurbita_cordata",29.25,-114.2,"H"
"126","Cucurbita_cordata",29.25,-114.2,"H"
"127","Cucurbita_cordata",32.53875,-116.44858,"H"
"128","Cucurbita_cordata",25.925,-111.391667,"H"
"129","Cucurbita_cordata",27.091667,-112.325,"H"
"130","Cucurbita_cordata",27.691667,-113.025,"H"
"131","Cucurbita_cordata",25.916667,-111.541667,"H"
"132","Cucurbita_cordata",25.925,-111.541667,"H"
"133","Cucurbita_cordata",27.141667,-114.158333,"H"
"134","Cucurbita_cordata",28.608333,-113.408333,"H"
"135","Cucurbita_cordata",28.608333,-113.408333,"H"
"136","Cucurbita_cordata",24.13,-110.83,"H"
"137","Cucurbita_cordata",24.87,-110.97,"H"
"138","Cucurbita_cordata",26.35,-112.6,"H"
"139","Cucurbita_cordata",29.35,-114.42,"H"
"140","Cucurbita_digitata",31.56698,-111.05143,"G"
"141","Cucurbita_digitata",31.89392,-110.23419,"G"
"142","Cucurbita_digitata",31.99281,-110.69144,"G"
"143","Cucurbita_digitata",32.09121,-109.93988,"G"
"144","Cucurbita_digitata",32.23387,-108.05022,"G"
"145","Cucurbita_digitata",32.2351,-108.04025,"G"
"146","Cucurbita_digitata",32.28527,-110.74407,"G"
"147","Cucurbita_digitata",32.28579,-110.73991,"G"
"148","Cucurbita_digitata",32.29108,-110.79334,"G"
"149","Cucurbita_digitata",32.299008,-110.802397,"G"
"150","Cucurbita_digitata",32.3363,-111.21646,"G"
"151","Cucurbita_digitata",32.39514,-108.7243,"G"
"152","Cucurbita_digitata",32.42311,-108.67596,"G"
"153","Cucurbita_digitata",32.56842,-110.9229,"G"
"154","Cucurbita_digitata",32.60843,-110.85186,"G"
"155","Cucurbita_digitata",32.630812,-109.691541,"G"
"156","Cucurbita_digitata",32.76925,-109.474,"G"
"157","Cucurbita_digitata",33.754198,-111.874898,"G"
"158","Cucurbita_digitata",34.15749,-112.04612,"G"
"159","Cucurbita_digitata",27.018525,-109.62282,"H"
"160","Cucurbita_digitata",28.539941,-110.026006,"H"
"161","Cucurbita_digitata",30,-110.2,"H"
"162","Cucurbita_digitata",30.1004666,-115.6243581,"H"
"163","Cucurbita_digitata",30.1610886,-107.6620956,"H"
"164","Cucurbita_digitata",30.167897,-111.113306,"H"
"165","Cucurbita_digitata",30.2264,-111.078181,"H"
"166","Cucurbita_digitata",30.35,-107.95,"H"
"167","Cucurbita_digitata",30.383333,-107.866667,"H"
"168","Cucurbita_digitata",30.5589829,-108.0295715,"H"
"169","Cucurbita_digitata",30.635822,-110.967968,"H"
"170","Cucurbita_digitata",30.635822,-110.967968,"H"
"171","Cucurbita_digitata",30.666667,-109.35,"H"
"172","Cucurbita_digitata",30.816667,-109.2,"H"
"173","Cucurbita_digitata",30.833333,-108.75,"H"
"174","Cucurbita_digitata",31.22701,-110.977084,"H"
"175","Cucurbita_digitata",31.314044,-110.945956,"H"
"176","Cucurbita_digitata",31.333998,-108.53115,"H"
"177","Cucurbita_digitata",31.3389856,-115.4745402,"H"
"178","Cucurbita_digitata",31.3547552,-115.6731181,"H"
"179","Cucurbita_digitata",31.354867,-115.523106,"H"
"180","Cucurbita_digitata",31.4138,-111.0203,"H"
"181","Cucurbita_digitata",31.417885,-108.558097,"H"
"182","Cucurbita_digitata",31.440663,-108.427538,"H"
"183","Cucurbita_digitata",31.441488,-109.907574,"H"
"184","Cucurbita_digitata",31.441488,-109.907574,"H"
"185","Cucurbita_digitata",31.441488,-109.907574,"H"
"186","Cucurbita_digitata",31.441488,-109.907574,"H"
"187","Cucurbita_digitata",31.487124,-115.7432688,"H"
"188","Cucurbita_digitata",31.488702,-111.54205,"H"
"189","Cucurbita_digitata",31.666667,-115.816667,"H"
"190","Cucurbita_digitata",31.719573,-110.070841,"H"
"191","Cucurbita_digitata",31.752872,-109.429787,"H"
"192","Cucurbita_digitata",31.8276,-107.640023,"H"
"193","Cucurbita_digitata",31.835372,-109.03117,"H"
"194","Cucurbita_digitata",31.908781,-116.258285,"H"
"195","Cucurbita_digitata",31.973692,-111.095095,"H"
"196","Cucurbita_digitata",31.999525,-110.951202,"H"
"197","Cucurbita_digitata",31.999525,-110.951202,"H"
"198","Cucurbita_digitata",32.034518,-111.90707,"H"
"199","Cucurbita_digitata",32.15091,-110.4798,"H"
"200","Cucurbita_digitata",32.193966,-110.984814,"H"
"201","Cucurbita_digitata",32.212854,-111.006204,"H"
"202","Cucurbita_digitata",32.388407,-110.592309,"H"
"203","Cucurbita_digitata",32.801733,-109.632856,"H"
"204","Cucurbita_digitata",32.875065,-109.740636,"H"
"205","Cucurbita_digitata",32.896176,-109.827582,"H"
"206","Cucurbita_digitata",32.896176,-109.827582,"H"
"207","Cucurbita_digitata",32.896176,-109.827582,"H"
"208","Cucurbita_digitata",32.896176,-109.827582,"H"
"209","Cucurbita_digitata",32.965903,-108.57672,"H"
"210","Cucurbita_digitata",32.994505,-111.537625,"H"
"211","Cucurbita_digitata",32.994505,-111.537625,"H"
"212","Cucurbita_digitata",33.058106,-112.047642,"H"
"213","Cucurbita_digitata",33.058106,-112.047642,"H"
"214","Cucurbita_digitata",33.058106,-112.047642,"H"
"215","Cucurbita_digitata",33.058106,-112.047642,"H"
"216","Cucurbita_digitata",33.058106,-112.047642,"H"
"217","Cucurbita_digitata",33.228103,-112.166537,"H"
"218","Cucurbita_digitata",33.235313,-114.679957,"H"
"219","Cucurbita_digitata",33.376167,-110.75372,"H"
"220","Cucurbita_digitata",33.376167,-110.75372,"H"
"221","Cucurbita_digitata",33.376167,-110.75372,"H"
"222","Cucurbita_digitata",33.597549,-111.205403,"H"
"223","Cucurbita_digitata",33.667548,-111.134289,"H"
"224","Cucurbita_digitata",33.667548,-111.134289,"H"
"225","Cucurbita_digitata",33.733895,-110.540201,"H"
"226","Cucurbita_digitata",33.766687,-116.359177,"H"
"227","Cucurbita_digitata",33.865293,-117.808945,"H"
"228","Cucurbita_digitata",33.957543,-111.186796,"H"
"229","Cucurbita_digitata",31.333333,-115.75,"H"
"230","Cucurbita_digitata",31.833333,-113.5,"H"
"231","Cucurbita_digitata",32.349722,-108.708889,"H"
"232","Cucurbita_digitata",32.769722,-116.490833,"H"
"233","Cucurbita_digitata",32.769722,-116.490833,"H"
"234","Cucurbita_digitata",32.769722,-116.490833,"H"
"235","Cucurbita_digitata",33.359238,-114.711441,"H"
"236","Cucurbita_digitata",33.85,-113.5,"H"
"237","Cucurbita_digitata",31.858333,-116.091667,"H"
"238","Cucurbita_digitata",29.19794,-109.74622,"H"
"239","Cucurbita_digitata",29.243611,-109.743611,"H"
"240","Cucurbita_digitata",29.562222,-110.891389,"H"
"241","Cucurbita_digitata",29.588383,-110.886838,"H"
"242","Cucurbita_digitata",29.791389,-112.5575,"H"
"243","Cucurbita_digitata",29.820613,-112.57138,"H"
"244","Cucurbita_digitata",29.865,-110.217778,"H"
"245","Cucurbita_digitata",30.69474,-110.93063,"H"
"246","Cucurbita_digitata",30.858333,-111.241667,"H"
"247","Cucurbita_digitata",31.014167,-110.196667,"H"
"248","Cucurbita_digitata",31.125,-116.158333,"H"
"249","Cucurbita_digitata",31.125,-116.158333,"H"
"250","Cucurbita_digitata",31.295833,-115.583333,"H"
"251","Cucurbita_digitata",31.295833,-115.591667,"H"
"252","Cucurbita_digitata",31.625,-108.475,"H"
"253","Cucurbita_digitata",31.775,-116.025,"H"
"254","Cucurbita_digitata",31.775,-116.025,"H"
"255","Cucurbita_digitata",31.875,-116.275,"H"
"256","Cucurbita_digitata",30.958333,-110.858333,"H"
"257","Cucurbita_digitata",27.525,-105.025,"H"
"258","Cucurbita_digitata",27.525,-105.025,"H"
"259","Cucurbita_digitata",29.55,-110.416667,"H"
"260","Cucurbita_digitata",29.916667,-111.652778,"H"
"261","Cucurbita_digitata",30.045139,-111.229622,"H"
"262","Cucurbita_digitata",30.04528,-111.22972,"H"
"263","Cucurbita_digitata",30.283886,-107.788133,"H"
"264","Cucurbita_digitata",30.299142,-111.098761,"H"
"265","Cucurbita_digitata",30.371122,-107.962394,"H"
"266","Cucurbita_digitata",30.826939,-109.223611,"H"
"267","Cucurbita_digitata",31.875,-107.675,"H"
"268","Cucurbita_digitata",33.98365,-111.708756,"H"
"269","Cucurbita_digitata",33.98365,-111.708756,"H"
"270","Cucurbita_digitata",31.491667,-115.358333,"H"
"271","Cucurbita_digitata",31.491667,-115.358333,"H"
"272","Cucurbita_digitata",31.917579,-107.667145,"H"
"273","Cucurbita_digitata",29.770833,-109.198611,"H"
"274","Cucurbita_digitata",30.080556,-111.097222,"H"
"275","Cucurbita_digitata",30.325,-110.809722,"H"
"276","Cucurbita_digitata",30.603056,-110.101944,"H"
"277","Cucurbita_digitata",30.806917,-110.591117,"H"
"278","Cucurbita_digitata",30.855278,-110.6625,"H"
"279","Cucurbita_digitata",30.870833,-110.725,"H"
"280","Cucurbita_digitata",31.262778,-110.585278,"H"
"281","Cucurbita_digitata",28.065278,-109.385556,"H"
"282","Cucurbita_digitata",30.091667,-115.691667,"H"
"283","Cucurbita_digitata",30.091667,-115.691667,"H"
"284","Cucurbita_digitata",30.8775,-109.210556,"H"
"285","Cucurbita_digitata",30.931111,-109.571389,"H"
"286","Cucurbita_digitata",30.95881,-108.338823,"H"
"287","Cucurbita_digitata",31.001111,-108.068056,"H"
"288","Cucurbita_digitata",31.348637,-110.225816,"H"
"289","Cucurbita_digitata",31.396636,-111.034269,"H"
"290","Cucurbita_digitata",31.40248,-111.088094,"H"
"291","Cucurbita_digitata",31.402577,-111.088203,"H"
"292","Cucurbita_digitata",31.402601,-111.088321,"H"
"293","Cucurbita_digitata",31.40274,-111.088203,"H"
"294","Cucurbita_digitata",31.471483,-110.26738,"H"
"295","Cucurbita_digitata",31.487092,-110.737205,"H"
"296","Cucurbita_digitata",32.057918,-110.07907,"H"
"297","Cucurbita_digitata",32.058423,-110.077337,"H"
"298","Cucurbita_digitata",32.058608,-110.077527,"H"
"299","Cucurbita_digitata",32.058646,-110.077689,"H"
"300","Cucurbita_digitata",32.058691,-110.077647,"H"
"301","Cucurbita_digitata",32.058777,-110.077585,"H"
"302","Cucurbita_digitata",32.060181,-110.077182,"H"
"303","Cucurbita_digitata",32.347033,-111.093261,"H"
"304","Cucurbita_digitata",32.347258,-111.093217,"H"
"305","Cucurbita_digitata",32.428944,-110.911843,"H"
"306","Cucurbita_digitata",32.428944,-110.911843,"H"
"307","Cucurbita_digitata",32.444,-108.6745,"H"
"308","Cucurbita_digitata",32.613682,-111.430426,"H"
"309","Cucurbita_digitata",33.795243,-111.791043,"H"
"310","Cucurbita_digitata",34.14676,-112.002804,"H"
"311","Cucurbita_digitata",34.40374,-112.865138,"H"
"312","Cucurbita_digitata",33.359238,-114.71144,"H"
"313","Cucurbita_digitata",31.96767,-110.46497,"H"
"314","Cucurbita_digitata",30.016667,-110.216667,"H"
"315","Cucurbita_digitata",30.911944,-110.860278,"H"
"316","Cucurbita_digitata",30.911944,-110.860278,"H"
"317","Cucurbita_digitata",31.21666,-115.6,"H"
"318","Cucurbita_digitata",32.07666,-110.45,"H"
"319","Cucurbita_digitata",32.316667,-114.216667,"H"
"320","Cucurbita_digitata",30.00778,-110.21556,"H"
"321","Cucurbita_digitata",30.025,-110.175,"H"
"322","Cucurbita_digitata",30.241667,-107.741667,"H"
"323","Cucurbita_digitata",30.241667,-107.741667,"H"
"324","Cucurbita_digitata",30.241667,-107.741667,"H"
"325","Cucurbita_digitata",30.891667,-110.858333,"H"
"326","Cucurbita_digitata",30.891667,-110.858333,"H"
"327","Cucurbita_digitata",30.891667,-110.858333,"H"
"328","Cucurbita_digitata",32.262394,-114.10153,"H"
"329","Cucurbita_digitata",32.271695,-114.114293,"H"
"330","Cucurbita_digitata",32.281111,-114.230556,"H"
"331","Cucurbita_digitata",32.281389,-114.230833,"H"
"332","Cucurbita_digitata",32.306944,-114.331111,"H"
"333","Cucurbita_digitata",32.323569,-114.255003,"H"
"334","Cucurbita_digitata",31.677927,-110.65567,"H"
"335","Cucurbita_digitata",29.816111,-111.074722,"H"
"336","Cucurbita_digitata",29.916667,-111.652778,"H"
"337","Cucurbita_digitata",30.04528,-111.22972,"H"
"338","Cucurbita_digitata",30.108333,-115.675,"H"
"339","Cucurbita_digitata",30.108333,-115.675,"H"
"340","Cucurbita_digitata",30.678333,-108.293333,"H"
"341","Cucurbita_digitata",30.735,-108.38,"H"
"342","Cucurbita_digitata",30.81,-108.45,"H"
"343","Cucurbita_digitata",30.836667,-108.51,"H"
"344","Cucurbita_digitata",30.906667,-108.421667,"H"
"345","Cucurbita_digitata",30.675,-110.908333,"H"
"346","Cucurbita_digitata",30.9554519,-110.8678834,"H"
"347","Cucurbita_digitata",31.058333,-110.891667,"H"
"348","Cucurbita_digitata",30.191667,-107.658333,"H"
"349","Cucurbita_digitata",30.191667,-107.658333,"H"
"350","Cucurbita_digitata",30.291667,-107.808333,"H"
"351","Cucurbita_digitata",30.291667,-107.808333,"H"
"352","Cucurbita_digitata",30.291667,-107.808333,"H"
"353","Cucurbita_digitata",33.9274,-116.6329,"H"
"354","Cucurbita_digitata",33.9274,-116.6329,"H"
"355","Cucurbita_digitata",31.333333,-115.75,"H"
"356","Cucurbita_digitata",30.07656,-115.70065,"H"
"357","Cucurbita_digitata",31.491667,-115.358333,"H"
"358","Cucurbita_digitata",31.591667,-115.858333,"H"
"359","Cucurbita_digitata",31.608333,-115.708333,"H"
"360","Cucurbita_digitata",31.708333,-115.841667,"H"
"361","Cucurbita_digitata",31.875,-116.141667,"H"
"362","Cucurbita_digitata",31.858333,-116.091667,"H"
"363","Cucurbita_digitata",32.92,-111.42,"H"
"364","Cucurbita_digitata",31.33333,-115.75,"H"
"365","Cucurbita_digitata",32.76972,-116.49083,"H"
"366","Cucurbita_digitata",29.882778,-109.301111,"H"
"367","Cucurbita_digitata",30.125,-107.625,"H"
"368","Cucurbita_digitata",30.125,-107.625,"H"
"369","Cucurbita_digitata",30.208333,-107.975,"H"
"370","Cucurbita_digitata",30.208333,-107.975,"H"
"371","Cucurbita_digitata",30.758333,-115.225,"H"
"372","Cucurbita_digitata",30.758333,-115.225,"H"
"373","Cucurbita_digitata",32.7806866,-108.4811472,"H"
"374","Cucurbita_palmata",34.42389,-119.70694,"G"
"375","Cucurbita_palmata",32.713843,-114.42268,"G"
"376","Cucurbita_palmata",33.078535,-116.531167,"G"
"377","Cucurbita_palmata",33.133228,-116.525157,"G"
"378","Cucurbita_palmata",33.151165,-116.545065,"G"
"379","Cucurbita_palmata",33.426885,-116.835336,"G"
"380","Cucurbita_palmata",33.91319,-116.78263,"G"
"381","Cucurbita_palmata",34.050013,-116.55643,"G"
"382","Cucurbita_palmata",34.1233,-112.95191,"G"
"383","Cucurbita_palmata",34.13519,-116.3502,"G"
"384","Cucurbita_palmata",34.13522,-116.16705,"G"
"385","Cucurbita_palmata",34.728813,-115.675533,"G"
"386","Cucurbita_palmata",34.91683,-115.64769,"G"
"387","Cucurbita_palmata",34.916833,-115.647689,"G"
"388","Cucurbita_palmata",34.97063,-115.64499,"G"
"389","Cucurbita_palmata",34.99561,-115.10468,"G"
"390","Cucurbita_palmata",34.999057,-115.654694,"G"
"391","Cucurbita_palmata",35.06151,-114.2301,"G"
"392","Cucurbita_palmata",35.13639,-115.53082,"G"
"393","Cucurbita_palmata",35.21665,-118.72771,"G"
"394","Cucurbita_palmata",35.22034,-115.87805,"G"
"395","Cucurbita_palmata",35.51123,-117.66929,"G"
"396","Cucurbita_palmata",35.54807,-119.08648,"G"
"397","Cucurbita_palmata",35.59491,-118.24039,"G"
"398","Cucurbita_palmata",35.60935,-118.90081,"G"
"399","Cucurbita_palmata",35.61679,-118.25359,"G"
"400","Cucurbita_palmata",35.66409,-118.32256,"G"
"401","Cucurbita_palmata",35.67,-118.25,"G"
"402","Cucurbita_palmata",35.692,-118.2896,"G"
"403","Cucurbita_palmata",35.69299,-118.28584,"G"
"404","Cucurbita_palmata",36.48192,-119.12024,"G"
"405","Cucurbita_palmata",37.13681,-120.27157,"G"
"406","Cucurbita_palmata",32.548965,-115.231809,"H"
"407","Cucurbita_palmata",32.672826,-114.146882,"H"
"408","Cucurbita_palmata",32.678948,-115.498883,"H"
"409","Cucurbita_palmata",32.738671,-115.967512,"H"
"410","Cucurbita_palmata",32.845234,-114.905783,"H"
"411","Cucurbita_palmata",32.847553,-115.569439,"H"
"412","Cucurbita_palmata",32.847553,-115.569439,"H"
"413","Cucurbita_palmata",32.847553,-115.569439,"H"
"414","Cucurbita_palmata",32.847553,-115.569439,"H"
"415","Cucurbita_palmata",33.212541,-116.233619,"H"
"416","Cucurbita_palmata",33.44978,-117.42249,"H"
"417","Cucurbita_palmata",33.712519,-115.402205,"H"
"418","Cucurbita_palmata",33.827241,-117.027249,"H"
"419","Cucurbita_palmata",33.916682,-116.75085,"H"
"420","Cucurbita_palmata",34.022789,-118.405633,"H"
"421","Cucurbita_palmata",34.022789,-118.405633,"H"
"422","Cucurbita_palmata",35.026392,-114.38357,"H"
"423","Cucurbita_palmata",35.23774,-119.003158,"H"
"424","Cucurbita_palmata",35.23774,-119.003158,"H"
"425","Cucurbita_palmata",35.267741,-119.307057,"H"
"426","Cucurbita_palmata",35.267741,-119.307057,"H"
"427","Cucurbita_palmata",35.382181,-118.9826,"H"
"428","Cucurbita_palmata",35.382181,-118.9826,"H"
"429","Cucurbita_palmata",35.382181,-118.9826,"H"
"430","Cucurbita_palmata",35.382181,-118.9826,"H"
"431","Cucurbita_palmata",35.382181,-118.9826,"H"
"432","Cucurbita_palmata",35.41665,-115.584165,"H"
"433","Cucurbita_palmata",35.41665,-115.584165,"H"
"434","Cucurbita_palmata",35.41665,-115.584165,"H"
"435","Cucurbita_palmata",35.41665,-115.584165,"H"
"436","Cucurbita_palmata",35.521652,-115.316101,"H"
"437","Cucurbita_palmata",35.521652,-115.316101,"H"
"438","Cucurbita_palmata",35.588009,-118.49203,"H"
"439","Cucurbita_palmata",35.606911,-120.16348,"H"
"440","Cucurbita_palmata",35.729131,-118.409123,"H"
"441","Cucurbita_palmata",35.7581,-115.1426,"H"
"442","Cucurbita_palmata",35.823043,-113.570218,"H"
"443","Cucurbita_palmata",36.042276,-120.905183,"H"
"444","Cucurbita_palmata",36.172459,-114.429866,"H"
"445","Cucurbita_palmata",36.20884,-116.919497,"H"
"446","Cucurbita_palmata",36.336617,-119.223167,"H"
"447","Cucurbita_palmata",36.455504,-116.867553,"H"
"448","Cucurbita_palmata",36.606616,-120.189045,"H"
"449","Cucurbita_palmata",36.733839,-119.497907,"H"
"450","Cucurbita_palmata",37.1637,-113.43,"H"
"451","Cucurbita_palmata",37.1637,-113.43,"H"
"452","Cucurbita_palmata",38.047698,-121.795512,"H"
"453","Cucurbita_palmata",38.10881,-119.051813,"H"
"454","Cucurbita_palmata",38.138254,-120.370196,"H"
"455","Cucurbita_palmata",38.152141,-121.24328,"H"
"456","Cucurbita_palmata",31.635,-115.068333,"H"
"457","Cucurbita_palmata",32.599998,-116.610001,"H"
"458","Cucurbita_palmata",32.60478,-116.61307,"H"
"459","Cucurbita_palmata",32.635,-116.58889,"H"
"460","Cucurbita_palmata",32.635,-116.58889,"H"
"461","Cucurbita_palmata",32.6681,-116.8228,"H"
"462","Cucurbita_palmata",32.6681,-116.8228,"H"
"463","Cucurbita_palmata",32.67686,-116.58352,"H"
"464","Cucurbita_palmata",32.67686,-116.58352,"H"
"465","Cucurbita_palmata",32.679,-115.4989,"H"
"466","Cucurbita_palmata",32.71062,-117.08501,"H"
"467","Cucurbita_palmata",32.71062,-117.08501,"H"
"468","Cucurbita_palmata",32.713843,-114.42268,"H"
"469","Cucurbita_palmata",32.71699,-116.87613,"H"
"470","Cucurbita_palmata",32.71699,-116.87613,"H"
"471","Cucurbita_palmata",32.71699,-116.87613,"H"
"472","Cucurbita_palmata",32.80246,-116.11938,"H"
"473","Cucurbita_palmata",32.80246,-116.11938,"H"
"474","Cucurbita_palmata",32.8115,-116.2118,"H"
"475","Cucurbita_palmata",32.8115,-116.2118,"H"
"476","Cucurbita_palmata",32.84916,-116.92094,"H"
"477","Cucurbita_palmata",32.84916,-116.92094,"H"
"478","Cucurbita_palmata",32.860001,-116.209999,"H"
"479","Cucurbita_palmata",32.98062,-116.41909,"H"
"480","Cucurbita_palmata",32.98062,-116.41909,"H"
"481","Cucurbita_palmata",33,-116.066667,"H"
"482","Cucurbita_palmata",33,-116.066667,"H"
"483","Cucurbita_palmata",33.0073,-116.45975,"H"
"484","Cucurbita_palmata",33.0073,-116.45975,"H"
"485","Cucurbita_palmata",33.0177,-116.4305,"H"
"486","Cucurbita_palmata",33.0177,-116.4305,"H"
"487","Cucurbita_palmata",33.02,-116.38,"H"
"488","Cucurbita_palmata",33.0239,-116.10853,"H"
"489","Cucurbita_palmata",33.0239,-116.10853,"H"
"490","Cucurbita_palmata",33.028,-116.39726,"H"
"491","Cucurbita_palmata",33.028,-116.39726,"H"
"492","Cucurbita_palmata",33.02944,-116.39111,"H"
"493","Cucurbita_palmata",33.02944,-116.39111,"H"
"494","Cucurbita_palmata",33.0352,-116.5103,"H"
"495","Cucurbita_palmata",33.0352,-116.5103,"H"
"496","Cucurbita_palmata",33.04,-116.2655,"H"
"497","Cucurbita_palmata",33.04,-116.2655,"H"
"498","Cucurbita_palmata",33.040001,-116.870003,"H"
"499","Cucurbita_palmata",33.04171,-116.86808,"H"
"500","Cucurbita_palmata",33.04171,-116.86808,"H"
"501","Cucurbita_palmata",33.042222,-116.411111,"H"
"502","Cucurbita_palmata",33.042222,-116.411111,"H"
"503","Cucurbita_palmata",33.05754,-116.41922,"H"
"504","Cucurbita_palmata",33.05754,-116.41922,"H"
"505","Cucurbita_palmata",33.07835,-116.531,"H"
"506","Cucurbita_palmata",33.07835,-116.531,"H"
"507","Cucurbita_palmata",33.078535,-116.531167,"H"
"508","Cucurbita_palmata",33.11683,-116.43919,"H"
"509","Cucurbita_palmata",33.11683,-116.43919,"H"
"510","Cucurbita_palmata",33.12754,-116.33001,"H"
"511","Cucurbita_palmata",33.12754,-116.33001,"H"
"512","Cucurbita_palmata",33.128502,-116.441902,"H"
"513","Cucurbita_palmata",33.133228,-116.525157,"H"
"514","Cucurbita_palmata",33.13472,-116.37281,"H"
"515","Cucurbita_palmata",33.13472,-116.37281,"H"
"516","Cucurbita_palmata",33.13579,-116.29951,"H"
"517","Cucurbita_palmata",33.13579,-116.29951,"H"
"518","Cucurbita_palmata",33.13949,-116.38799,"H"
"519","Cucurbita_palmata",33.13949,-116.38799,"H"
"520","Cucurbita_palmata",33.14583,-116.54361,"H"
"521","Cucurbita_palmata",33.14583,-116.54361,"H"
"522","Cucurbita_palmata",33.145833,-116.543611,"H"
"523","Cucurbita_palmata",33.145833,-116.543611,"H"
"524","Cucurbita_palmata",33.151165,-116.545065,"H"
"525","Cucurbita_palmata",33.1716,-116.3354,"H"
"526","Cucurbita_palmata",33.1716,-116.3354,"H"
"527","Cucurbita_palmata",33.171667,-116.335278,"H"
"528","Cucurbita_palmata",33.1752,-116.3338,"H"
"529","Cucurbita_palmata",33.1752,-116.3338,"H"
"530","Cucurbita_palmata",33.200001,-116.599998,"H"
"531","Cucurbita_palmata",33.2107,-116.45964,"H"
"532","Cucurbita_palmata",33.2107,-116.45964,"H"
"533","Cucurbita_palmata",33.21931,-116.46325,"H"
"534","Cucurbita_palmata",33.21931,-116.46325,"H"
"535","Cucurbita_palmata",33.304798,-116.179863,"H"
"536","Cucurbita_palmata",33.3226,-116.3895,"H"
"537","Cucurbita_palmata",33.3226,-116.3895,"H"
"538","Cucurbita_palmata",33.3542,-116.375,"H"
"539","Cucurbita_palmata",33.3542,-116.375,"H"
"540","Cucurbita_palmata",33.39337,-116.37426,"H"
"541","Cucurbita_palmata",33.39337,-116.37426,"H"
"542","Cucurbita_palmata",33.40456,-116.10999,"H"
"543","Cucurbita_palmata",33.40456,-116.10999,"H"
"544","Cucurbita_palmata",33.42045,-116.83088,"H"
"545","Cucurbita_palmata",33.42045,-116.83088,"H"
"546","Cucurbita_palmata",33.426885,-116.835336,"H"
"547","Cucurbita_palmata",33.476667,-116.870556,"H"
"548","Cucurbita_palmata",33.6264,-115.906403,"H"
"549","Cucurbita_palmata",33.6814,-117.3608,"H"
"550","Cucurbita_palmata",33.682999,-117.166,"H"
"551","Cucurbita_palmata",33.682999,-117.166,"H"
"552","Cucurbita_palmata",33.683333,-115.966667,"H"
"553","Cucurbita_palmata",33.69178,-116.33165,"H"
"554","Cucurbita_palmata",33.69178,-116.33165,"H"
"555","Cucurbita_palmata",33.733333,-116.233333,"H"
"556","Cucurbita_palmata",33.735699,-115.809502,"H"
"557","Cucurbita_palmata",33.7455,-116.3514,"H"
"558","Cucurbita_palmata",33.7527,-114.5189,"H"
"559","Cucurbita_palmata",33.752701,-114.518898,"H"
"560","Cucurbita_palmata",33.752701,-114.518898,"H"
"561","Cucurbita_palmata",33.757778,-117.119167,"H"
"562","Cucurbita_palmata",33.757778,-117.119167,"H"
"563","Cucurbita_palmata",33.75782,-117.11934,"H"
"564","Cucurbita_palmata",33.75782,-117.11934,"H"
"565","Cucurbita_palmata",33.7603,-116.5483,"H"
"566","Cucurbita_palmata",33.7633,-117.4887,"H"
"567","Cucurbita_palmata",33.7775,-116.055347,"H"
"568","Cucurbita_palmata",33.802306,-117.099889,"H"
"569","Cucurbita_palmata",33.802306,-117.099889,"H"
"570","Cucurbita_palmata",33.833,-116.55,"H"
"571","Cucurbita_palmata",33.833,-116.55,"H"
"572","Cucurbita_palmata",33.833,-116.55,"H"
"573","Cucurbita_palmata",33.9,-115.85,"H"
"574","Cucurbita_palmata",33.91319,-116.78263,"H"
"575","Cucurbita_palmata",33.963299,-117.376602,"H"
"576","Cucurbita_palmata",33.981111,-116.838889,"H"
"577","Cucurbita_palmata",33.981111,-116.838889,"H"
"578","Cucurbita_palmata",33.983333,-116.841667,"H"
"579","Cucurbita_palmata",33.983333,-116.841667,"H"
"580","Cucurbita_palmata",33.983333,-116.841667,"H"
"581","Cucurbita_palmata",34.008889,-116.051667,"H"
"582","Cucurbita_palmata",34.008889,-116.051667,"H"
"583","Cucurbita_palmata",34.038,-115.749,"H"
"584","Cucurbita_palmata",34.043056,-116.566111,"H"
"585","Cucurbita_palmata",34.043056,-116.566111,"H"
"586","Cucurbita_palmata",34.05,-117.266667,"H"
"587","Cucurbita_palmata",34.05,-117.266667,"H"
"588","Cucurbita_palmata",34.050013,-116.55643,"H"
"589","Cucurbita_palmata",34.1233,-112.95191,"H"
"590","Cucurbita_palmata",34.13,-116.051667,"H"
"591","Cucurbita_palmata",34.13,-116.051667,"H"
"592","Cucurbita_palmata",34.13,-116.051667,"H"
"593","Cucurbita_palmata",34.13519,-116.3502,"H"
"594","Cucurbita_palmata",34.13522,-116.16705,"H"
"595","Cucurbita_palmata",34.135433,-116.335017,"H"
"596","Cucurbita_palmata",34.135433,-116.335017,"H"
"597","Cucurbita_palmata",34.135556,-116.4575,"H"
"598","Cucurbita_palmata",34.135556,-116.4575,"H"
"599","Cucurbita_palmata",34.258333,-116.106667,"H"
"600","Cucurbita_palmata",34.258333,-116.106667,"H"
"601","Cucurbita_palmata",34.258333,-116.106667,"H"
"602","Cucurbita_palmata",34.268333,-116.276667,"H"
"603","Cucurbita_palmata",34.268333,-116.276667,"H"
"604","Cucurbita_palmata",34.268333,-116.276667,"H"
"605","Cucurbita_palmata",34.271667,-115.708333,"H"
"606","Cucurbita_palmata",34.271667,-115.708333,"H"
"607","Cucurbita_palmata",34.271667,-115.708333,"H"
"608","Cucurbita_palmata",34.323056,-114.311389,"H"
"609","Cucurbita_palmata",34.323056,-114.311389,"H"
"610","Cucurbita_palmata",34.324167,-116.418333,"H"
"611","Cucurbita_palmata",34.324167,-116.418333,"H"
"612","Cucurbita_palmata",34.3775,-116.178611,"H"
"613","Cucurbita_palmata",34.3775,-116.178611,"H"
"614","Cucurbita_palmata",34.431667,-114.534722,"H"
"615","Cucurbita_palmata",34.431667,-114.534722,"H"
"616","Cucurbita_palmata",34.446111,-115.78,"H"
"617","Cucurbita_palmata",34.446111,-115.78,"H"
"618","Cucurbita_palmata",34.618333,-115.663333,"H"
"619","Cucurbita_palmata",34.618333,-115.663333,"H"
"620","Cucurbita_palmata",34.618333,-115.663333,"H"
"621","Cucurbita_palmata",34.70525,-116.817233,"H"
"622","Cucurbita_palmata",34.70525,-116.817233,"H"
"623","Cucurbita_palmata",34.728813,-115.675533,"H"
"624","Cucurbita_palmata",34.738333,-115.683333,"H"
"625","Cucurbita_palmata",34.738333,-115.683333,"H"
"626","Cucurbita_palmata",34.74,-115.68,"H"
"627","Cucurbita_palmata",34.74,-115.68,"H"
"628","Cucurbita_palmata",34.783611,-115.651667,"H"
"629","Cucurbita_palmata",34.823333,-116.691944,"H"
"630","Cucurbita_palmata",34.823333,-116.691944,"H"
"631","Cucurbita_palmata",34.82605,-115.36214,"H"
"632","Cucurbita_palmata",34.829583,-116.335,"H"
"633","Cucurbita_palmata",34.829583,-116.335,"H"
"634","Cucurbita_palmata",34.895278,-117.024167,"H"
"635","Cucurbita_palmata",34.895278,-117.024167,"H"
"636","Cucurbita_palmata",34.91683,-115.64769,"H"
"637","Cucurbita_palmata",34.916833,-115.647689,"H"
"638","Cucurbita_palmata",34.93,-119.656,"H"
"639","Cucurbita_palmata",34.97063,-115.64499,"H"
"640","Cucurbita_palmata",34.99561,-115.10468,"H"
"641","Cucurbita_palmata",34.999057,-115.654694,"H"
"642","Cucurbita_palmata",35.055,-115.597639,"H"
"643","Cucurbita_palmata",35.06151,-114.2301,"H"
"644","Cucurbita_palmata",35.119164,-116.298058,"H"
"645","Cucurbita_palmata",35.119194,-116.298083,"H"
"646","Cucurbita_palmata",35.119194,-116.298083,"H"
"647","Cucurbita_palmata",35.119194,-116.298083,"H"
"648","Cucurbita_palmata",35.133333,-116.766667,"H"
"649","Cucurbita_palmata",35.13639,-115.53082,"H"
"650","Cucurbita_palmata",35.14666,-115.733887,"H"
"651","Cucurbita_palmata",35.177467,-115.517617,"H"
"652","Cucurbita_palmata",35.177467,-115.517617,"H"
"653","Cucurbita_palmata",35.21665,-118.72771,"H"
"654","Cucurbita_palmata",35.22034,-115.87805,"H"
"655","Cucurbita_palmata",35.26889,-119.001938,"H"
"656","Cucurbita_palmata",35.429722,-118.728333,"H"
"657","Cucurbita_palmata",35.429722,-118.728333,"H"
"658","Cucurbita_palmata",35.51123,-117.66929,"H"
"659","Cucurbita_palmata",35.539,-116.4297,"H"
"660","Cucurbita_palmata",35.54807,-119.08648,"H"
"661","Cucurbita_palmata",35.585,-116.443,"H"
"662","Cucurbita_palmata",35.59491,-118.24039,"H"
"663","Cucurbita_palmata",35.60935,-118.90081,"H"
"664","Cucurbita_palmata",35.61679,-118.25359,"H"
"665","Cucurbita_palmata",35.6241,-118.955299,"H"
"666","Cucurbita_palmata",35.6241,-118.955299,"H"
"667","Cucurbita_palmata",35.66409,-118.32256,"H"
"668","Cucurbita_palmata",35.692,-118.2896,"H"
"669","Cucurbita_palmata",35.69299,-118.28584,"H"
"670","Cucurbita_palmata",35.768,-120.799,"H"
"671","Cucurbita_palmata",36.041667,-120.12,"H"
"672","Cucurbita_palmata",36.041667,-120.12,"H"
"673","Cucurbita_palmata",36.386452,-119.097664,"H"
"674","Cucurbita_palmata",36.48192,-119.12024,"H"
"675","Cucurbita_palmata",36.523315,-119.284882,"H"
"676","Cucurbita_palmata",36.896667,-113.913056,"H"
"677","Cucurbita_palmata",36.986908,-119.710297,"H"
"678","Cucurbita_palmata",36.986908,-119.710297,"H"
"679","Cucurbita_palmata",37.13681,-120.27157,"H"
"680","Cucurbita_palmata",37.139606,-120.273956,"H"
"681","Cucurbita_palmata",37.163889,-113.43,"H"
"682","Cucurbita_palmata",37.163889,-113.43,"H"
"683","Cucurbita_palmata",37.163889,-113.43,"H"
"684","Cucurbita_palmata",37.76667,-120.846107,"H"
"685","Cucurbita_palmata",29.958333,-115.008333,"H"
"686","Cucurbita_palmata",31.558333,-116.425,"H"
"687","Cucurbita_palmata",32.275,-116.191667,"H"
"688","Cucurbita_palmata",30.108333,-114.625,"H"
"689","Cucurbita_palmata",30.108333,-114.625,"H"
"690","Cucurbita_palmata",30.191667,-115.125,"H"
"691","Cucurbita_palmata",30.191667,-115.125,"H"
"692","Cucurbita_palmata",31.208333,-114.941667,"H"
"693","Cucurbita_palmata",31.208333,-114.941667,"H"
"694","Cucurbita_palmata",31.258333,-114.958333,"H"
"695","Cucurbita_palmata",31.258333,-114.958333,"H"
"696","Cucurbita_palmata",31.441667,-115.058333,"H"
"697","Cucurbita_palmata",31.441667,-115.058333,"H"
"698","Cucurbita_palmata",34.675,-115.675,"H"
"699","Cucurbita_palmata",35.61527,-118.21389,"H"
"700","Cucurbita_palmata",35.61527,-118.21389,"H"
"701","Cucurbita_palmata",33.2744,-115.5614,"H"
"702","Cucurbita_palmata",33.757778,-117.119167,"H"
"703","Cucurbita_palmata",34.5335,-114.4438,"H"
"704","Cucurbita_palmata",34.8652,-116.8556,"H"
"705","Cucurbita_palmata",34.8652,-116.8556,"H"
"706","Cucurbita_palmata",35.0389,-116.3828,"H"
"707","Cucurbita_palmata",33.758056,-117.119444,"H"
"708","Cucurbita_palmata",35.75,-119.081389,"H"
"709","Cucurbita_palmata",36.083333,-120.478611,"H"
"710","Cucurbita_palmata",36.217222,-120.475,"H"
"711","Cucurbita_palmata",26.341667,-111.891667,"H"
"712","Cucurbita_palmata",27.008333,-112.391667,"H"
"713","Cucurbita_palmata",27.575,-113.075,"H"
"714","Cucurbita_palmata",33.5715,-116.2191,"H"
"715","Cucurbita_palmata",33.6634,-116.31,"H"
"716","Cucurbita_palmata",33.6895,-115.7184,"H"
"717","Cucurbita_palmata",26.9125,-108.918056,"H"
"718","Cucurbita_palmata",31.583333,-116.533333,"H"
"719","Cucurbita_palmata",31.591667,-116.541667,"H"
"720","Cucurbita_palmata",31.591667,-116.541667,"H"
"721","Cucurbita_palmata",32.055556,-113.750556,"H"
"722","Cucurbita_palmata",32.08,-113.883611,"H"
"723","Cucurbita_palmata",32.203925,-113.856767,"H"
"724","Cucurbita_palmata",32.249622,-114.080772,"H"
"725","Cucurbita_palmata",32.376111,-114.533889,"H"
"726","Cucurbita_palmata",32.389931,-114.472767,"H"
"727","Cucurbita_palmata",32.390363,-114.474147,"H"
"728","Cucurbita_palmata",30.173889,-110.605833,"H"
"729","Cucurbita_palmata",30.173889,-110.605833,"H"
"730","Cucurbita_palmata",30.173889,-110.605833,"H"
"731","Cucurbita_palmata",30.173889,-110.605833,"H"
"732","Cucurbita_palmata",30.331667,-110.726944,"H"
"733","Cucurbita_palmata",30.747778,-109.925,"H"
"734","Cucurbita_palmata",30.351667,-111.110556,"H"
"735","Cucurbita_palmata",31.983333,-116.141667,"H"
"736","Cucurbita_palmata",32.458333,-116.858333,"H"
"737","Cucurbita_palmata",32.458333,-116.858333,"H"
"738","Cucurbita_palmata",32.991667,-116.141667,"H"
"739","Cucurbita_palmata",32.67362,-116.10797,"H"
"740","Cucurbita_palmata",32.79489,-116.96238,"H"
"741","Cucurbita_palmata",34.0089,-116.051633,"H"
"742","Cucurbita_palmata",34.618333,-115.663333,"H"
"743","Cucurbita_palmata",33.7455,-116.3514,"H"
"744","Cucurbita_palmata",34.0401,-116.5678,"H"
"745","Cucurbita_palmata",35.349988,-115.323556,"H"
"746","Cucurbita_palmata",29.675,-111.041667,"H"
"747","Cucurbita_palmata",30.063799,-115.71981,"H"
"748","Cucurbita_palmata",32.665152,-116.835999,"H"
"749","Cucurbita_palmata",32.675617,-116.826233,"H"
"750","Cucurbita_palmata",32.715606,-116.444595,"H"
"751","Cucurbita_palmata",32.74975,-115.984626,"H"
"752","Cucurbita_palmata",32.837778,-116.211111,"H"
"753","Cucurbita_palmata",32.938007,-116.264707,"H"
"754","Cucurbita_palmata",32.953361,-116.288117,"H"
"755","Cucurbita_palmata",32.956667,-116.413056,"H"
"756","Cucurbita_palmata",32.9575,-116.399722,"H"
"757","Cucurbita_palmata",32.964722,-116.446389,"H"
"758","Cucurbita_palmata",32.971944,-116.447778,"H"
"759","Cucurbita_palmata",32.972778,-116.438611,"H"
"760","Cucurbita_palmata",32.972778,-116.438889,"H"
"761","Cucurbita_palmata",33.011089,-116.456215,"H"
"762","Cucurbita_palmata",33.01319,-116.450963,"H"
"763","Cucurbita_palmata",33.0239,-116.4305,"H"
"764","Cucurbita_palmata",33.127,-116.425037,"H"
"765","Cucurbita_palmata",33.128657,-116.425784,"H"
"766","Cucurbita_palmata",33.129659,-116.431619,"H"
"767","Cucurbita_palmata",33.12971,-116.432153,"H"
"768","Cucurbita_palmata",33.131389,-116.536667,"H"
"769","Cucurbita_palmata",33.131667,-116.536389,"H"
"770","Cucurbita_palmata",33.131783,-116.537987,"H"
"771","Cucurbita_palmata",33.131944,-116.538333,"H"
"772","Cucurbita_palmata",33.133889,-116.54,"H"
"773","Cucurbita_palmata",33.134265,-116.434478,"H"
"774","Cucurbita_palmata",33.135239,-116.465232,"H"
"775","Cucurbita_palmata",33.138844,-116.46133,"H"
"776","Cucurbita_palmata",33.140151,-116.459606,"H"
"777","Cucurbita_palmata",33.140856,-116.437569,"H"
"778","Cucurbita_palmata",33.144944,-116.452939,"H"
"779","Cucurbita_palmata",33.145,-116.452778,"H"
"780","Cucurbita_palmata",33.169722,-116.520833,"H"
"781","Cucurbita_palmata",33.203889,-116.454167,"H"
"782","Cucurbita_palmata",33.210438,-116.456683,"H"
"783","Cucurbita_palmata",33.211101,-116.438484,"H"
"784","Cucurbita_palmata",33.223675,-116.460061,"H"
"785","Cucurbita_palmata",33.271492,-116.410933,"H"
"786","Cucurbita_palmata",33.370425,-116.453093,"H"
"787","Cucurbita_palmata",33.370473,-116.455128,"H"
"788","Cucurbita_palmata",33.379399,-116.452395,"H"
"789","Cucurbita_palmata",33.379661,-116.452312,"H"
"790","Cucurbita_palmata",33.381181,-116.454591,"H"
"791","Cucurbita_palmata",33.382408,-116.458201,"H"
"792","Cucurbita_palmata",33.444376,-116.868494,"H"
"793","Cucurbita_palmata",33.626503,-116.507547,"H"
"794","Cucurbita_palmata",33.669372,-116.422406,"H"
"795","Cucurbita_palmata",33.691387,-116.432503,"H"
"796","Cucurbita_palmata",33.691625,-116.432697,"H"
"797","Cucurbita_palmata",33.712486,-116.517853,"H"
"798","Cucurbita_palmata",33.714124,-116.522179,"H"
"799","Cucurbita_palmata",33.721194,-116.445556,"H"
"800","Cucurbita_palmata",33.756662,-116.477848,"H"
"801","Cucurbita_palmata",33.769898,-116.43823,"H"
"802","Cucurbita_palmata",33.776542,-116.078685,"H"
"803","Cucurbita_palmata",33.777312,-116.552338,"H"
"804","Cucurbita_palmata",33.780491,-116.567544,"H"
"805","Cucurbita_palmata",33.781249,-116.488261,"H"
"806","Cucurbita_palmata",33.78236,-116.482118,"H"
"807","Cucurbita_palmata",33.80232,-115.92824,"H"
"808","Cucurbita_palmata",33.805557,-115.77639,"H"
"809","Cucurbita_palmata",33.817948,-115.765686,"H"
"810","Cucurbita_palmata",33.855333,-115.720972,"H"
"811","Cucurbita_palmata",33.857658,-115.736418,"H"
"812","Cucurbita_palmata",33.905364,-116.800983,"H"
"813","Cucurbita_palmata",33.908299,-116.801727,"H"
"814","Cucurbita_palmata",33.927469,-115.911758,"H"
"815","Cucurbita_palmata",33.959983,-116.018775,"H"
"816","Cucurbita_palmata",33.993473,-116.148148,"H"
"817","Cucurbita_palmata",33.995815,-118.071306,"H"
"818","Cucurbita_palmata",34.05634,-115.40845,"H"
"819","Cucurbita_palmata",34.06916,-116.035402,"H"
"820","Cucurbita_palmata",34.072187,-116.035751,"H"
"821","Cucurbita_palmata",34.088074,-116.519587,"H"
"822","Cucurbita_palmata",34.090426,-116.079437,"H"
"823","Cucurbita_palmata",34.096772,-116.152126,"H"
"824","Cucurbita_palmata",34.11373,-116.35732,"H"
"825","Cucurbita_palmata",34.12247,-116.311263,"H"
"826","Cucurbita_palmata",34.177194,-116.048074,"H"
"827","Cucurbita_palmata",34.236748,-116.266379,"H"
"828","Cucurbita_palmata",34.609578,-115.6604,"H"
"829","Cucurbita_palmata",34.619179,-115.039805,"H"
"830","Cucurbita_palmata",34.788554,-116.680423,"H"
"831","Cucurbita_palmata",34.788554,-116.680423,"H"
"832","Cucurbita_palmata",34.806841,-116.843204,"H"
"833","Cucurbita_palmata",34.809066,-116.664435,"H"
"834","Cucurbita_palmata",34.809066,-116.664435,"H"
"835","Cucurbita_palmata",34.8375,-115.6525,"H"
"836","Cucurbita_palmata",34.908405,-116.815665,"H"
"837","Cucurbita_palmata",34.935066,-114.034458,"H"
"838","Cucurbita_palmata",35.012389,-115.653038,"H"
"839","Cucurbita_palmata",35.048992,-115.394243,"H"
"840","Cucurbita_palmata",35.14262,-115.527,"H"
"841","Cucurbita_palmata",35.204864,-115.8701,"H"
"842","Cucurbita_palmata",35.226533,-114.684058,"H"
"843","Cucurbita_palmata",35.227763,-114.6853,"H"
"844","Cucurbita_palmata",35.232457,-115.814571,"H"
"845","Cucurbita_palmata",35.269711,-114.685035,"H"
"846","Cucurbita_palmata",35.36908,-117.65632,"H"
"847","Cucurbita_palmata",35.472711,-114.867369,"H"
"848","Cucurbita_palmata",35.703355,-114.819412,"H"
"849","Cucurbita_palmata",35.708332,-114.825053,"H"
"850","Cucurbita_palmata",35.794118,-115.961895,"H"
"851","Cucurbita_palmata",35.801433,-116.192025,"H"
"852","Cucurbita_palmata",35.803656,-116.191171,"H"
"853","Cucurbita_palmata",36.075394,-115.00182,"H"
"854","Cucurbita_palmata",36.075614,-115.002434,"H"
"855","Cucurbita_palmata",36.075632,-115.002497,"H"
"856","Cucurbita_palmata",36.075683,-115.00255,"H"
"857","Cucurbita_palmata",36.07574,-115.002598,"H"
"858","Cucurbita_palmata",36.088228,-114.978533,"H"
"859","Cucurbita_palmata",36.322512,-115.260545,"H"
"860","Cucurbita_palmata",36.42954,-114.513886,"H"
"861","Cucurbita_palmata",36.429558,-114.515183,"H"
"862","Cucurbita_palmata",36.436492,-115.352203,"H"
"863","Cucurbita_palmata",36.469167,-119.023072,"H"
"864","Cucurbita_palmata",36.522645,-114.139733,"H"
"865","Cucurbita_palmata",23.488889,-110.204167,"H"
"866","Cucurbita_palmata",34.13,-116.051667,"H"
"867","Cucurbita_palmata",34.1342,-116.4562,"H"
"868","Cucurbita_palmata",34.271667,-115.708333,"H"
"869","Cucurbita_palmata",32.86092,-116.20943,"H"
"870","Cucurbita_palmata",33.20325,-116.2324,"H"
"871","Cucurbita_palmata",33.7527,-114.5189,"H"
"872","Cucurbita_palmata",33.7527,-114.5189,"H"
"873","Cucurbita_palmata",34.1118,-117.3711,"H"
"874","Cucurbita_palmata",34.7283,-116.3135,"H"
"875","Cucurbita_palmata",34.922255,-114.914806,"H"
"876","Cucurbita_palmata",35.14666,-115.73389,"H"
"877","Cucurbita_palmata",36.986908,-119.7103,"H"
"878","Cucurbita_palmata",36.986908,-119.7103,"H"
"879","Cucurbita_palmata",37.66408939,-120.4611217,"H"
"880","Cucurbita_palmata",37.76667,-120.84611,"H"
"881","Cucurbita_palmata",33.851094,-115.748642,"H"
"882","Cucurbita_palmata",33.851094,-115.748642,"H"
"883","Cucurbita_palmata",33.92928,-116.074934,"H"
"884","Cucurbita_palmata",34.135478,-116.056778,"H"
"885","Cucurbita_palmata",31.883333,-116.316667,"H"
"886","Cucurbita_palmata",32.25,-114.066667,"H"
"887","Cucurbita_palmata",31.225,-115.608333,"H"
"888","Cucurbita_palmata",31.225,-115.608333,"H"
"889","Cucurbita_palmata",31.028889,-114.843611,"H"
"890","Cucurbita_palmata",31.308333,-115.508333,"H"
"891","Cucurbita_palmata",31.308333,-115.46,"H"
"892","Cucurbita_palmata",31.275,-114.975,"H"
"893","Cucurbita_palmata",31.275,-114.975,"H"
"894","Cucurbita_palmata",32.79489,-116.96238,"H"
"895","Cucurbita_palmata",32.258333,-115.291667,"H"
"896","Cucurbita_palmata",32.258333,-115.291667,"H"
"897","Cucurbita_palmata",32.575,-116.158333,"H"
"898","Cucurbita_palmata",35.00322,-119.50501,"H"
"899","Cucurbita_palmata",32.67895,-115.498883,"H"
"900","Cucurbita_palmata",32.73902,-114.71142,"H"
"901","Cucurbita_palmata",33.27138,-116.41994,"H"
"902","Cucurbita_palmata",33.283436,-116.43559,"H"
"903","Cucurbita_palmata",33.6814,-117.3608,"H"
"904","Cucurbita_palmata",33.7272,-117.2907,"H"
"905","Cucurbita_palmata",33.7446,-116.5378,"H"
"906","Cucurbita_palmata",33.9177,-116.7878,"H"
"907","Cucurbita_palmata",34.094533,-117.648592,"H"
"908","Cucurbita_palmata",34.699587,-115.608558,"H"
"909","Cucurbita_palmata",34.728489,-116.313383,"H"
"910","Cucurbita_palmata",34.919965,-115.06355,"H"
"911","Cucurbita_palmata",35.1086,-116.123,"H"
"912","Cucurbita_palmata",35.371733,-119.018725,"H"
"913","Cucurbita_palmata",35.37283,-119.018705,"H"
"914","Cucurbita_palmata",35.738533,-118.635699,"H"
"915","Cucurbita_palmata",30.05,-115.5,"H"
"916","Cucurbita_palmata",32.15,-115.8,"H"
"917","Cucurbita_palmata",32.63198,-116.8852,"H"
"918","Cucurbita_palmata",32.72894,-116.09931,"H"
"919","Cucurbita_palmata",32.73902,-114.71142,"H"
"920","Cucurbita_palmata",32.8694,-116.6944,"H"
"921","Cucurbita_palmata",32.97631,-115.04072,"H"
"922","Cucurbita_palmata",33.0784,-116.531,"H"
"923","Cucurbita_palmata",33.09281,-116.05603,"H"
"924","Cucurbita_palmata",33.09596,-115.90619,"H"
"925","Cucurbita_palmata",33.134611,-116.346111,"H"
"926","Cucurbita_palmata",33.14161,-116.28227,"H"
"927","Cucurbita_palmata",33.171611,-116.335389,"H"
"928","Cucurbita_palmata",33.2203,-115.3942,"H"
"929","Cucurbita_palmata",33.439167,-116.861389,"H"
"930","Cucurbita_palmata",33.476667,-116.870556,"H"
"931","Cucurbita_palmata",33.5882,-115.4219,"H"
"932","Cucurbita_palmata",33.60719,-114.91219,"H"
"933","Cucurbita_palmata",33.625,-115.9,"H"
"934","Cucurbita_palmata",33.672333,-115.808556,"H"
"935","Cucurbita_palmata",33.683333,-115.966667,"H"
"936","Cucurbita_palmata",33.7101,-115.4045,"H"
"937","Cucurbita_palmata",33.716111,-115.451389,"H"
"938","Cucurbita_palmata",33.733333,-116.233333,"H"
"939","Cucurbita_palmata",33.7455,-116.3514,"H"
"940","Cucurbita_palmata",33.7527,-114.5189,"H"
"941","Cucurbita_palmata",33.757778,-117.119167,"H"
"942","Cucurbita_palmata",33.760278,-116.548333,"H"
"943","Cucurbita_palmata",33.763272,-117.488694,"H"
"944","Cucurbita_palmata",33.83298414,-116.5506019,"H"
"945","Cucurbita_palmata",33.83298414,-116.5506019,"H"
"946","Cucurbita_palmata",33.9,-115.85,"H"
"947","Cucurbita_palmata",33.9208,-116.7516,"H"
"948","Cucurbita_palmata",33.983333,-116.841667,"H"
"949","Cucurbita_palmata",34.0093,-116.055901,"H"
"950","Cucurbita_palmata",34.04356,-114.8497,"H"
"951","Cucurbita_palmata",34.055568,-117.181504,"H"
"952","Cucurbita_palmata",34.05785,-114.86854,"H"
"953","Cucurbita_palmata",34.0707,-116.55,"H"
"954","Cucurbita_palmata",34.113067,-117.291902,"H"
"955","Cucurbita_palmata",34.11423,-115.34131,"H"
"956","Cucurbita_palmata",34.11923,-115.45177,"H"
"957","Cucurbita_palmata",34.12852,-116.03999,"H"
"958","Cucurbita_palmata",34.165361,-115.757972,"H"
"959","Cucurbita_palmata",34.2271,-115.72293,"H"
"960","Cucurbita_palmata",34.24158,-116.47713,"H"
"961","Cucurbita_palmata",34.268333,-116.276667,"H"
"962","Cucurbita_palmata",34.2771,-119.2865,"H"
"963","Cucurbita_palmata",34.2793,-116.48354,"H"
"964","Cucurbita_palmata",34.30517,-115.06028,"H"
"965","Cucurbita_palmata",34.3336,-116.60124,"H"
"966","Cucurbita_palmata",34.56018,-115.642348,"H"
"967","Cucurbita_palmata",34.618333,-115.663333,"H"
"968","Cucurbita_palmata",34.620667,-115.67475,"H"
"969","Cucurbita_palmata",34.720941,-115.992655,"H"
"970","Cucurbita_palmata",34.759617,-115.684733,"H"
"971","Cucurbita_palmata",34.774701,-115.744113,"H"
"972","Cucurbita_palmata",34.88452,-118.39663,"H"
"973","Cucurbita_palmata",34.8917,-115.7201,"H"
"974","Cucurbita_palmata",34.911217,-115.53035,"H"
"975","Cucurbita_palmata",34.970579,-115.570911,"H"
"976","Cucurbita_palmata",35.01789,-115.566594,"H"
"977","Cucurbita_palmata",35.040133,-114.97805,"H"
"978","Cucurbita_palmata",35.049935,-115.55594,"H"
"979","Cucurbita_palmata",35.055,-115.597639,"H"
"980","Cucurbita_palmata",35.119194,-116.298083,"H"
"981","Cucurbita_palmata",35.133333,-116.766667,"H"
"982","Cucurbita_palmata",35.167717,-115.4818,"H"
"983","Cucurbita_palmata",35.313369,-119.359489,"H"
"984","Cucurbita_palmata",35.349988,-115.323556,"H"
"985","Cucurbita_palmata",35.361649,-115.333413,"H"
"986","Cucurbita_palmata",35.44625,-115.2407,"H"
"987","Cucurbita_palmata",35.4662,-115.6884,"H"
"988","Cucurbita_palmata",35.567311,-115.716257,"H"
"989","Cucurbita_palmata",35.61527,-118.21389,"H"
"990","Cucurbita_palmata",35.669767,-118.903367,"H"
"991","Cucurbita_palmata",35.794702,-115.961723,"H"
"992","Cucurbita_palmata",35.794702,-115.961723,"H"
"993","Cucurbita_palmata",35.8013,-115.9723,"H"
"994","Cucurbita_palmata",35.9613,-117.3357,"H"
"995","Cucurbita_palmata",36.130178,-118.925892,"H"
"996","Cucurbita_palmata",36.335046,-119.41421,"H"
"997","Cucurbita_palmata",34.82605,-115.36214,"H"
"998","Cucurbita_palmata",33.02,-116.38,"H"
"999","Cucurbita_palmata",33.08535,-116.10979,"H"
"1000","Cucurbita_palmata",33.757778,-117.119167,"H"
"1001","Cucurbita_palmata",33.757778,-117.119167,"H"
"1002","Cucurbita_palmata",34.038,-115.749,"H"
"1003","Cucurbita_palmata",34.798372,-116.88551,"H"
"1004","Cucurbita_palmata",34.9373,-118.9225,"H"
"1005","Cucurbita_palmata",34.95,-119.688,"H"
"1006","Cucurbita_palmata",35.539,-116.4297,"H"
"1007","Cucurbita_palmata",35.585,-116.443,"H"
"1008","Cucurbita_palmata",35.768,-120.799,"H"
"1009","Cucurbita_palmata",35.9613,-117.3357,"H"
"1010","Cucurbita_palmata",32.60478,-116.61307,"H"
"1011","Cucurbita_palmata",32.635,-116.58889,"H"
"1012","Cucurbita_palmata",32.6589,-116.1008,"H"
"1013","Cucurbita_palmata",32.6681,-116.8228,"H"
"1014","Cucurbita_palmata",32.67686,-116.58352,"H"
"1015","Cucurbita_palmata",32.68873,-116.65059,"H"
"1016","Cucurbita_palmata",32.71062,-117.08501,"H"
"1017","Cucurbita_palmata",32.71699,-116.87613,"H"
"1018","Cucurbita_palmata",32.71699,-116.87613,"H"
"1019","Cucurbita_palmata",32.78615,-116.16784,"H"
"1020","Cucurbita_palmata",32.80246,-116.11938,"H"
"1021","Cucurbita_palmata",32.80956,-116.21391,"H"
"1022","Cucurbita_palmata",32.8115,-116.2118,"H"
"1023","Cucurbita_palmata",32.84753,-116.20065,"H"
"1024","Cucurbita_palmata",32.84916,-116.92094,"H"
"1025","Cucurbita_palmata",32.8703,-116.2357,"H"
"1026","Cucurbita_palmata",32.8725,-116.2289,"H"
"1027","Cucurbita_palmata",32.87746,-116.31064,"H"
"1028","Cucurbita_palmata",32.87898,-116.20993,"H"
"1029","Cucurbita_palmata",32.96587,-116.30642,"H"
"1030","Cucurbita_palmata",32.98062,-116.41909,"H"
"1031","Cucurbita_palmata",32.98306,-116.44331,"H"
"1032","Cucurbita_palmata",33.0073,-116.45975,"H"
"1033","Cucurbita_palmata",33.0177,-116.4305,"H"
"1034","Cucurbita_palmata",33.0239,-116.10853,"H"
"1035","Cucurbita_palmata",33.028,-116.39726,"H"
"1036","Cucurbita_palmata",33.02944,-116.39111,"H"
"1037","Cucurbita_palmata",33.0352,-116.5103,"H"
"1038","Cucurbita_palmata",33.04,-116.2655,"H"
"1039","Cucurbita_palmata",33.04171,-116.86808,"H"
"1040","Cucurbita_palmata",33.05754,-116.41922,"H"
"1041","Cucurbita_palmata",33.07835,-116.531,"H"
"1042","Cucurbita_palmata",33.09772,-116.52683,"H"
"1043","Cucurbita_palmata",33.09869,-116.47147,"H"
"1044","Cucurbita_palmata",33.1129,-116.34511,"H"
"1045","Cucurbita_palmata",33.11683,-116.43919,"H"
"1046","Cucurbita_palmata",33.12754,-116.33001,"H"
"1047","Cucurbita_palmata",33.13456,-116.34607,"H"
"1048","Cucurbita_palmata",33.13472,-116.37281,"H"
"1049","Cucurbita_palmata",33.13579,-116.29951,"H"
"1050","Cucurbita_palmata",33.13949,-116.38799,"H"
"1051","Cucurbita_palmata",33.14583,-116.54361,"H"
"1052","Cucurbita_palmata",33.16684,-116.25866,"H"
"1053","Cucurbita_palmata",33.1716,-116.3354,"H"
"1054","Cucurbita_palmata",33.1752,-116.3338,"H"
"1055","Cucurbita_palmata",33.2107,-116.45964,"H"
"1056","Cucurbita_palmata",33.21218,-116.4666,"H"
"1057","Cucurbita_palmata",33.21931,-116.46325,"H"
"1058","Cucurbita_palmata",33.27901,-116.41045,"H"
"1059","Cucurbita_palmata",33.3226,-116.3895,"H"
"1060","Cucurbita_palmata",33.3542,-116.375,"H"
"1061","Cucurbita_palmata",33.3592,-116.40423,"H"
"1062","Cucurbita_palmata",33.38261,-116.45847,"H"
"1063","Cucurbita_palmata",33.3829,-116.0344,"H"
"1064","Cucurbita_palmata",33.39337,-116.37426,"H"
"1065","Cucurbita_palmata",33.40456,-116.10999,"H"
"1066","Cucurbita_palmata",33.42045,-116.83088,"H"
"1067","Cucurbita_palmata",33.7152,-115.45206,"H"
"1068","Cucurbita_palmata",33.75782,-117.11934,"H"
"1069","Cucurbita_palmata",34.51,-114.70846,"H"
"1070","Cucurbita_palmata",34.8917,-115.7201,"H"
"1071","Cucurbita_palmata",35.03927,-115.6754,"H"
"1072","Cucurbita_palmata",35.16772,-115.4818,"H"
"1073","Cucurbita_palmata",30.641667,-114.758333,"H"
"1074","Cucurbita_palmata",32.091667,-115.775,"H"
"1075","Cucurbita_palmata",32.375,-116.508333,"H"
"1076","Cucurbita_palmata",32.625,-115.991667,"H"
"1077","Cucurbita_palmata",32.74598,-115.97924,"H"
"1078","Cucurbita_palmata",32.74598,-115.97924,"H"
"1079","Cucurbita_palmata",33.115533,-116.439461,"H"
"1080","Cucurbita_palmata",33.115533,-116.439461,"H"
"1081","Cucurbita_palmata",34.3775,-116.17861,"H"
"1082","Cucurbita_palmata",34.44611,-115.78,"H"
"1083","Cucurbita_palmata",33.1125,-116.5225,"H"
"1084","Cucurbita_palmata",33.75782,-117.11934,"H"
"1085","Cucurbita_palmata",33.757825,-117.11934,"H"
"1086","Cucurbita_palmata",33.817111,-116.343972,"H"
"1087","Cucurbita_palmata",34.011164,-116.019552,"H"
"1088","Cucurbita_palmata",34.13,-116.051667,"H"
"1089","Cucurbita_palmata",34.135558,-116.054169,"H"
"1090","Cucurbita_palmata",34.400278,-116.383611,"H"
"1091","Cucurbita_palmata",34.4715,-114.5148,"H"
"1092","Cucurbita_palmata",34.783611,-115.651667,"H"
"1093","Cucurbita_palmata",35.012023,-115.653965,"H"
"1094","Cucurbita_palmata",34.03998622,-115.3605731,"H"
"1095","Cucurbita_palmata",33.016667,-116.433333,"H"
"1096","Cucurbita_palmata",29.958333,-115.008333,"H"
"1097","Cucurbita_palmata",31.558333,-116.425,"H"
"1098","Cucurbita_palmata",32.275,-116.191667,"H"
"1099","Cucurbita_palmata",31.583333,-116.533333,"H"
"1100","Cucurbita_palmata",32.266667,-116.183333,"H"
"1101","Cucurbita_palmata",32.6048,-116.613,"H"
"1102","Cucurbita_palmata",33.04179,-116.86803,"H"
"1103","Cucurbita_palmata",33.1285,-116.4419,"H"
"1104","Cucurbita_palmata",33.19917,-116.59861,"H"
"1105","Cucurbita_palmata",33.22217,-116.27,"H"
"1106","Cucurbita_palmata",33.22217,-116.27,"H"
"1107","Cucurbita_palmata",33.3048,-116.17986,"H"
"1108","Cucurbita_palmata",33.6264,-115.9064,"H"
"1109","Cucurbita_palmata",33.683,-117.166,"H"
"1110","Cucurbita_palmata",33.69178,-116.33165,"H"
"1111","Cucurbita_palmata",33.7152,-115.45206,"H"
"1112","Cucurbita_palmata",33.7272,-117.2907,"H"
"1113","Cucurbita_palmata",33.7357,-115.8095,"H"
"1114","Cucurbita_palmata",33.9545,-117.381,"H"
"1115","Cucurbita_palmata",33.9545,-117.381,"H"
"1116","Cucurbita_palmata",33.9633,-117.3766,"H"
"1117","Cucurbita_palmata",34.921917,-114.915806,"H"
"1118","Cucurbita_palmata",35.00322,-119.50501,"H"
"1119","Cucurbita_palmata",35.0403,-114.8258,"H"
"1120","Cucurbita_palmata",35.119164,-116.29806,"H"
"1121","Cucurbita_palmata",35.26889,-119.00194,"H"
"1122","Cucurbita_palmata",35.567311,-115.716257,"H"
"1123","Cucurbita_palmata",35.6241,-118.9553,"H"
"1124","Cucurbita_palmata",35.6241,-118.9553,"H"
"1125","Cucurbita_palmata",36.03192,-117.170906,"H"
"1126","Cucurbita_palmata",36.38645,-119.097664,"H"
"1127","Cucurbita_palmata",36.523315,-119.28488,"H"
"1128","Cucurbita_palmata",37.139606,-120.27396,"H"
"1129","Cucurbita_palmata",32.78921,-114.55606,"H"
"1130","Cucurbita_palmata",32.8034,-116.0759,"H"
"1131","Cucurbita_palmata",33.34,-116.0408,"H"
"1132","Cucurbita_palmata",35.05889,-119.4,"H"
"1133","Cucurbita_palmata",36.3217,-117.5162,"H"
"1134","Cucurbita_palmata",36.3925,-119.481944,"H"
"1135","Cucurbita_palmata",31.27972,-114.98386,"H"
"1136","Cucurbita_palmata",31.635,-115.06833,"H"
"1137","Cucurbita_palmata",32.68869,-116.65061,"H"
"1138","Cucurbita_palmata",32.99694,-116.05833,"H"
"1139","Cucurbita_palmata",33,-116.06667,"H"
"1140","Cucurbita_palmata",33.04222,-116.41111,"H"
"1141","Cucurbita_palmata",33.14583,-116.54361,"H"
"1142","Cucurbita_palmata",33.63806,-117.29139,"H"
"1143","Cucurbita_palmata",33.71861,-117.29722,"H"
"1144","Cucurbita_palmata",33.75778,-117.11917,"H"
"1145","Cucurbita_palmata",33.80231,-117.09989,"H"
"1146","Cucurbita_palmata",33.95667,-116.86333,"H"
"1147","Cucurbita_palmata",33.98111,-116.83889,"H"
"1148","Cucurbita_palmata",33.98333,-116.84167,"H"
"1149","Cucurbita_palmata",34.00889,-116.05167,"H"
"1150","Cucurbita_palmata",34.04306,-116.56611,"H"
"1151","Cucurbita_palmata",34.05,-117.26667,"H"
"1152","Cucurbita_palmata",34.13,-116.05167,"H"
"1153","Cucurbita_palmata",34.13543,-116.33502,"H"
"1154","Cucurbita_palmata",34.13556,-116.4575,"H"
"1155","Cucurbita_palmata",34.25833,-116.10667,"H"
"1156","Cucurbita_palmata",34.26833,-116.27667,"H"
"1157","Cucurbita_palmata",34.27167,-115.70833,"H"
"1158","Cucurbita_palmata",34.32306,-114.31139,"H"
"1159","Cucurbita_palmata",34.32417,-116.41833,"H"
"1160","Cucurbita_palmata",34.33361,-116.60125,"H"
"1161","Cucurbita_palmata",34.43167,-114.53472,"H"
"1162","Cucurbita_palmata",34.61833,-115.66333,"H"
"1163","Cucurbita_palmata",34.70525,-116.81723,"H"
"1164","Cucurbita_palmata",34.73833,-115.68333,"H"
"1165","Cucurbita_palmata",34.74,-115.68,"H"
"1166","Cucurbita_palmata",34.78361,-115.65167,"H"
"1167","Cucurbita_palmata",34.82333,-116.69194,"H"
"1168","Cucurbita_palmata",34.82958,-116.335,"H"
"1169","Cucurbita_palmata",34.89528,-117.02417,"H"
"1170","Cucurbita_palmata",34.91122,-115.53035,"H"
"1171","Cucurbita_palmata",35.10008,-114.82857,"H"
"1172","Cucurbita_palmata",35.11919,-116.29808,"H"
"1173","Cucurbita_palmata",35.17747,-115.51762,"H"
"1174","Cucurbita_palmata",35.20053,-118.76027,"H"
"1175","Cucurbita_palmata",35.42972,-118.72833,"H"
"1176","Cucurbita_palmata",35.46764,-115.4875,"H"
"1177","Cucurbita_palmata",36.04167,-120.12,"H"
"1178","Cucurbita_palmata",32.67883,-115.89769,"H"
"1179","Cucurbita_palmata",33.6778,-116.4074,"H"
"1180","Cucurbita_palmata",33.75428,-117.12125,"H"
"1181","Cucurbita_palmata",35.383333,-119.75,"H"
"1182","Cucurbita_palmata",30.108333,-114.625,"H"
"1183","Cucurbita_palmata",30.108333,-114.625,"H"
"1184","Cucurbita_palmata",34.70525,-116.817233,"H"
